{
  "fold_accs": [
    0.44240035041611914,
    0.48626373626373626
  ],
  "mean": 0.4643320433399277,
  "std": 0.02193169292380856,
  "test_acc": 0.584869976359338
}