{
  "accuracy": 0.9893238434163701,
  "loss": 0.02962223085114116,
  "best_val_acc": 1.0,
  "demo_ready": true,
  "classes": {
    "RECTA": {
      "precision": 1.0,
      "recall": 0.9836065573770492,
      "f1": 0.9917355371900827,
      "support": 61
    },
    "CURVA_IZQ": {
      "precision": 1.0,
      "recall": 1.0,
      "f1": 1.0,
      "support": 59
    },
    "CURVA_DER": {
      "precision": 0.9696969696969697,
      "recall": 1.0,
      "f1": 0.9846153846153847,
      "support": 32
    },
    "GIRO_90_IZQ": {
      "precision": 0.9591836734693877,
      "recall": 1.0,
      "f1": 0.9791666666666666,
      "support": 47
    },
    "GIRO_90_DER": {
      "precision": 1.0,
      "recall": 0.9791666666666666,
      "f1": 0.9894736842105263,
      "support": 48
    },
    "CRUCE_T": {
      "precision": 1.0,
      "recall": 0.9705882352941176,
      "f1": 0.9850746268656716,
      "support": 34
    }
  }
}